school,code,skills
NUS,CS1010,"['computational', 'thinking', 'computational', 'problem', 'solving', 'designing', 'specifying', 'algorithm', 'basic', 'problem', 'formulation', 'problem', 'solving', 'approach', 'program', 'development', 'coding', 'testing', 'debugging', 'fundamental', 'programming', 'construct', 'fundamental', 'data', 'structure', 'basic', 'sorting', 'recursion']"
NUS,DSA1101,"['probability', 'statistic', 'data', 'manipulation', 'supervised', 'unsupervised', 'learning', 'model', 'validation', 'big', 'data', 'analysis', 'r', 'programming']"
NUS,MA2001,"['linear', 'algebra', 'linear', 'algebra', 'system', 'linear', 'equation', 'matrix', 'determinant', 'euclidean', 'space', 'linear', 'combination', 'linear', 'span', 'subspace', 'linear', 'independence', 'base', 'dimension', 'rank', 'matrix', 'inner', 'product', 'eigenvalue', 'eigenvectors', 'diagonalization', 'linear', 'transformation', 'euclidean', 'space']"
NUS,MA2002,"['limit', 'continuity', 'derivative', 'differentiation', 'first', 'order', 'differential', 'equation', 'limit', 'continuity', 'derivative', 'intermediate', 'value', 'theorem', 'chain', 'rule', 'implicit', 'differentiation', 'derivative', 'mean', 'value', 'theorem', 'riemann', 'integral', 'fundamental', 'theorem', 'calculus', 'transcendental', 'function', 'integration', 'computation', 'area', 'volume', 'definite', 'integral', 'first', 'order', 'differential', 'equation']"
NUS,CS2040,"['data', 'structure', 'algorithm', 'data', 'structure', 'stack', 'searching', 'sorting', 'algorithm', 'analysis', 'algorithm']"
NUS,DSA2101,"['data', 'visualisation', 'data', 'cleaning', 'exploration', 'analysis', 'visualisation', 'programming', 'r', 'data', 'storage', 'system', 'data', 'manipulation', 'exploratory', 'data', 'analysis', 'dimension', 'reduction', 'statistical', 'graphic', 'design', 'principle', 'critical', 'evaluation', 'visual', 'display', 'data']"
NUS,DSA2102,"['numerical', 'algorithm', 'implementation', 'industrial', 'programming', 'language', 'examination', 'computer', 'arithmetic', 'matrix', 'multiplication', 'numerical', 'method', 'solving', 'linear', 'system', 'least', 'square', 'method', 'interpolation', 'program', 'language', 'sample', 'application']"
NUS,MA2311,"['calculus', 'sequence', 'series', 'power', 'series', 'vector', 'algebra', 'scalar', 'vector', 'valued', 'function', 'partial', 'derivative', 'total', 'differential', 'mean', 'value', 'theorem', 'taylor', ""'s"", 'formula', 'jacobian', 'chain', 'rule', 'lagrange', 'multiplier', 'multiple', 'integral']"
NUS,MA2104,"['calculus', 'mathematics', 'physical', 'science', 'engineering', 'computational', 'skill', 'visualisation', 'green', 'theorem', 'stokes', 'theorem', 'divergence', 'theorem', 'euclidean', 'distance', 'topological', 'concept', 'limit', 'continuity', 'implicit', 'function', 'partial', 'differentiation', 'differentiable', 'function', 'differential', 'chain', 'rule', 'directional', 'derivative', 'gradient', 'mean', 'value', 'theorem', 'taylor', 'formula', 'extreme', 'value', 'theorem', 'lagrange', 'multiplier', 'multiple', 'integral', 'iterated', 'integral', 'change', 'order', 'integration', 'application', 'jacobian', 'matrix', 'change', 'variable', 'multiple', 'integral', 'line', 'integral', 'green', 'theorem', 'surface', 'integral', 'stokes', 'theorem', 'divergence', 'theorem']"
NUS,ST2131,"['probability', 'theory', 'calculus', 'probability', 'theory', 'counting', 'method', 'sample', 'space', 'event', 'axiom', 'probability', 'conditional', 'probability', 'independence', 'random', 'variable', 'discrete', 'continuous', 'distribution', 'joint', 'marginal', 'distribution', 'conditional', 'distribution', 'independence', 'random', 'variable', 'expectation', 'conditional', 'expectation', 'moment', 'generating', 'function', 'central', 'limit', 'theorem', 'weak', 'law', 'large', 'number']"
NUS,ST2132,"['statistical', 'methodology', 'inferential', 'procedure', 'parametric', 'model', 'random', 'sample', 'statistic', 'method', 'moment', 'maximum', 'likelihood', 'estimate', 'fisher', 'information', 'sufficiency', 'completeness', 'consistency', 'unbiasedness', 'sampling', 'distribution', 'x', 'confidence', 'interval', 'exact', 'asymptotic', 'pivotal', 'method', 'hypothesis', 'testing', 'likelihood', 'ratio', 'test', 'neyman', 'pearson', 'lemma', 'statistic']"
NUS,CS3244,"['machine', 'learning', 'neural', 'network', 'computational', 'learning', 'self', 'learning', 'system', 'computational', 'learning', 'learning', 'system']"
NUS,DSA3101,[]
NUS,DSA3102,"['convex', 'optimisation', 'high', 'dimensional', 'structured', 'convex', 'function', 'sub', 'gradient', 'gradient', 'sub', 'gradient', 'method', 'stochastic', 'block', 'coordinate', 'descent', 'method', 'lagrangian', 'duals', 'splitting', 'algorithm', 'implementation']"
NUS,ST3131,"['data', 'analysis', 'multiple', 'regression', 'model', 'simple', 'linear', 'regression', 'multiple', 'regression', 'model', 'building', 'regression', 'diagnostics', 'variance', 'analysis', 'covariance', 'linear', 'model', 'generalized', 'linear', 'model', 'statistic']"
NUS,DSA4199,"['communicate', 'research', 'finding']"
NUS,DSA4299,[]
NUS,DSA4211,"['estimation', 'inference', 'procedure', 'principal', 'component', 'analysis', 'clustering', 'classification', 'tree', 'structured', 'analysis', 'neural', 'network', 'hidden', 'markov', 'model', 'sliced', 'inverse', 'regression', 'multiple', 'testing', 'sure', 'independent', 'screening', 'si', 'penalized', 'estimation', 'variable', 'selection', 'theory', 'high', 'dimensional', 'learning']"
NUS,DSA4212,"['computational', 'optimisation', 'statistical', 'learning', 'machine', 'learning', 'optimisation', 'first', 'second', 'order', 'method', 'stochastic', 'gradient', 'type', 'approach', 'duality', 'principle', 'statistical', 'learning', 'machine', 'learning', 'python']"
NUS,DSA4262,"['formulating', 'problem', 'data', 'analytic', 'tool', 'technique', 'communicating', 'finding', 'insight']"
NUS,DSA4263,"['formulating', 'problem', 'data', 'analytic', 'tool', 'technique', 'communicating', 'finding', 'insight']"
NUS,DSA4266,"['formulating', 'problem', 'data', 'analytic', 'tool', 'technique', 'communicating', 'finding', 'insight']"
NUS,MA3236,"['optimization', 'principle', 'importance', 'system', 'operation', 'optimization', 'problem', 'unconstrained', 'optimization', 'newton', 'raphson', 'method', 'gradient', 'method', 'constrained', 'optimization', 'lagrangian', 'multiplier', 'method', 'karush', 'kuhn', 'tucker', 'optimality', 'condition', 'lagrangian', 'duality', 'saddle', 'point', 'optimality', 'condition', 'convex', 'programming', 'frank', 'wolfe', 'method']"
NUS,MA3252,"['optimization', 'problem', 'linear', 'network', 'optimization', 'linear', 'programming', 'lp', 'simplex', 'method', 'simplex', 'method', 'graph', 'network', 'linear', 'integer', 'programming', 'network', 'algorithmic', 'approach', 'lp', 'network', 'optimization', 'lp', 'variable', 'lp', 'via', 'graphical', 'method', 'geometry', 'lp', 'polyhedron', 'extreme', 'point', 'existence', 'optimal', 'solution', 'extreme', 'point', 'simplex', 'method', 'basic', 'solution', 'reduced', 'cost', 'optimality', 'condition', 'iterative', 'step', 'simplex', 'method', 'phase', 'method', 'big', 'method', 'duality', 'dual', 'lp', 'duality', 'theory', 'dual', 'simplex', 'method', 'sensitivity', 'analysis', 'network', 'optimization', 'minimal', 'spanning', 'tree', 'shortest', 'path', 'maximal', 'flow', 'minimum', 'cost', 'flow', 'salesman', 'problem', 'postman', 'problem']"
NUS,MA4270,"['mathematical', 'modelling', 'computational', 'method', 'convex', 'analysis', 'numerical', 'method', 'large', 'scale', 'convex', 'problem', 'dimensionality', 'reduction', 'numerical', 'method', 'machine', 'learning', 'kernel', 'method', 'pattern', 'analysis', 'sparse', 'coding', 'dictionary', 'learning']"
NUS,ST3232,"['experimental', 'design', 'analysis', 'one', 'way', 'two', 'way', 'layout', 'data', 'multiple', 'comparison', 'factorial', 'design', 'k', 'factorial', 'design', 'blocking', 'confounding', 'fractional', 'factorial', 'design', 'nested', 'design', 'statistic']"
NUS,ST4253,"['time', 'series', 'data', 'stationary', 'time', 'series', 'arima', 'model', 'estimation', 'forecasting', 'arima', 'model', 'statistic']"
NUS,ST3239,"['design', 'sample', 'survey', 'estimation', 'procedure', 'survey', 'sampling', 'planning', 'survey', 'questionnaire', 'construction', 'method', 'data', 'collection', 'procedure', 'source', 'error', 'basic', 'idea', 'sampling', 'simple', 'random', 'sampling', 'stratified', 'systematic', 'replicated', 'cluster', 'quota', 'sampling', 'sample', 'size', 'determination', 'cost', 'statistic']"
NUS,ST4250,"['multivariate', 'statistical', 'analysis', 'distribution', 'theory', 'multivariate', 'normal', 'distribution', 'hotelling', ""'s"", 'wishart', 'distribution', 'inference', 'mean', 'covariance', 'principal', 'component', 'canonical', 'correlation', 'factor', 'analysis', 'discrimination', 'classification', 'statistic']"
NUS,ST3247,"['pseudorandom', 'number', 'generation', 'generating', 'discrete', 'continuous', 'random', 'variable', 'simulating', 'discrete', 'event', 'statistical', 'analysis', 'simulated', 'data', 'variance', 'reduction', 'markov', 'chain', 'monte', 'carlo', 'method', 'stochastic', 'optimisation', 'simulated', 'annealing', 'statistic']"
NUS,ST3248,"['statistical', 'learning', 'statistical', 'software', 'package', 'r', 'linear', 'regression', 'model', 'classification', 'method', 'resampling', 'method', 'regularisation', 'model', 'selection', 'principal', 'component', 'clustering', 'method']"
NUS,ST4231,"['empirical', 'distribution', 'plug', 'principle', 'bootstrap', 'method', 'bootstrap', 'estimate', 'standard', 'deviation', 'bias', 'jack', 'knife', 'method', 'bootstrap', 'confidence', 'interval', 'empirical', 'likelihood', 'theorem', 'el', 'confidence', 'interval', 'missing', 'data', 'em', 'algorithm', 'markov', 'chain', 'monte', 'carlo', 'method', 'statistic']"
NUS,ST4234,"['bayesian', 'principle', 'bayes', ""'"", 'theorem', 'estimation', 'hypothesis', 'testing', 'prior', 'distribution', 'likelihood', 'predictive', 'distribution', 'bayesian', 'computation', 'numerical', 'approximation', 'posterior', 'simulation', 'integration', 'markov', 'chain', 'simulation', 'hierarchical', 'linear', 'model', 'generalized', 'linear', 'model', 'multivariate', 'model', 'mixture', 'model', 'missing', 'data', 'statistic']"
NUS,ST4248,"['statistical', 'learning', 'statistical', 'software', 'package', 'r', 'non', 'parametric', 'smoothing', 'method', 'tree', 'based', 'method', 'support', 'vector', 'machine', 'neural', 'network', 'ensemble', 'learning']"
NUS,CS3210,"['parallel', 'computing', 'parallel', 'programming', 'parallel', 'machine', 'parallel', 'computation', 'model', 'parallelism', 'parallel', 'architecture', 'parallel', 'algorithm', 'design', 'programming', 'new', 'parallel', 'computing', 'model', 'theory', 'parallelism', 'model', 'shared', 'memory', 'architecture', 'distributed', 'memory', 'architecture', 'data', 'parallel', 'architecture', 'interconnection', 'network', 'topology', 'communication', 'operation', 'parallel', 'algorithm', 'design', 'performance', 'scalability', 'parallel', 'program', 'grid', 'cloud', 'gpgpu']"
NUS,CS3223,"['database', 'management', 'system', 'relational', 'data', 'model', 'storage', 'management', 'access', 'method', 'query', 'processing', 'optimisation', 'multi', 'user', 'application', 'environment', 'transaction', 'concurrency', 'control', 'recovery', 'line', 'analytical', 'processing', 'memory', 'database', 'column', 'store']"
NUS,CS3230,"['designing', 'analysing', 'algorithm', 'algorithm', 'analysis', 'lower', 'bound', 'argument', 'average', 'case', 'analysis', 'np', 'completeness', 'lower', 'upper', 'bound', 'recurrence', 'prune', 'search', 'dynamic', 'programming', 'branch', 'bound', 'graph', 'traversal', 'randomised', 'approach', 'amortized', 'analysis', 'np', 'completeness']"
NUS,CS3243,"['search', 'artificial', 'intelligence', 'turing', 'test', 'blind', 'search', 'iterative', 'deepening', 'production', 'system', 'heuristic', 'search', 'algorithm', 'minimax', 'alpha', 'beta', 'procedure', 'predicate', 'first', 'order', 'logic', 'resolution', 'refutation', 'non', 'monotonic', 'reasoning', 'assumption', 'based', 'truth', 'maintenance', 'system', 'inheritance', 'hierarchy', 'certainly', 'factor', 'bayes', ""'"", 'rule', 'natural', 'language']"
NUS,CS4224,"['distributed', 'environment', 'distributed', 'data', 'management', 'distribution', 'design', 'data', 'integration', 'distributed', 'query', 'processing', 'optimization', 'distributed', 'transaction', 'management', 'replication', 'database', 'management', 'parallel', 'system', 'peer', 'peer', 'system', 'cloud', 'computing']"
NUS,CS4225,"['statistic', 'data', 'engineering', 'data', 'mining', 'visualization', 'data', 'warehousing', 'high', 'performance', 'computing', 'system', 'apache', 'hadoop', 'spark', 'optimization', 'technique', 'system', 'building', 'algorithmic', 'optimization']"
NUS,CS4231,"['parallel', 'programming', 'distributed', 'computing', 'parallel', 'programming', 'mutual', 'exclusion', 'consistency', 'wait', 'free', 'synchronization', 'distributed', 'computing', 'global', 'state', 'snapshot', 'message', 'ordering', 'consensus', 'fault', 'tolerance', 'transaction', 'self', 'stabilization']"
NUS,CS4234,"['optimisation', 'problem', 'np', 'hard', 'problem', 'linear', 'integer', 'programming', 'network', 'flow', 'algorithm', 'local', 'search', 'heuristic', 'approximation', 'algorithm', 'randomized', 'algorithm', 'candidate', 'algorithm', 'time', 'space', 'complexity', 'convergence', 'approximability', 'optimality', 'bound']"
NUS,CS4243,"['computer', 'vision', 'handling', 'image', 'video', 'geometrical', 'computer', 'vision', 'pattern', 'recognition', 'image', 'handling', 'contrast', 'stretch', 'histogram', 'equalization', 'noise', 'removal', 'color', 'space', 'geometrical', 'vision', 'affine', 'transform', 'vanishing', 'point', 'camera', 'projection', 'model', 'homography', 'camera', 'calibration', 'rotation', 'representation', 'quaternion', 'epipolar', 'geometry', 'binocular', 'stereo', 'structure', 'motion', 'principal', 'component', 'analysis']"
NUS,CS4248,"['computer', 'processing', 'human', 'language', 'neural', 'network', 'deep', 'learning', 'natural', 'language', 'processing', 'regular', 'expression', 'word', 'edit', 'distance', 'gram', 'part', 'speech', 'tagging', 'feed', 'forward', 'neural', 'network', 'neural', 'network', 'word', 'embedding', 'convolutional', 'neural', 'network', 'recurrent', 'neural', 'network', 'sequence', 'sequence', 'model', 'attention', 'transformer', 'context', 'free', 'grammar', 'syntactic', 'parsing', 'semantics', 'discourse']"
NUS,CS5340 ,"['probabilistic', 'model', 'bayesian', 'network', 'markov', 'network', 'conditional', 'independence', 'graphical', 'model', 'inference', 'using', 'graphical', 'model', 'natural', 'language', 'processing', 'medical', 'informatics', 'bioinformatics', 'data', 'mining']"
NUS,MA4230,"['numerical', 'linear', 'algebra', 'data', 'analytics', 'linear', 'algebra', 'basic', 'vector', 'matrix', 'manipulation', 'singular', 'value', 'decomposition', 'qr', 'factorization', 'least', 'square', 'problem', 'conditioning', 'stability', 'eigenvalue', 'problem']"
NTU,CZ1003,"['computational', 'thinking', 'process', 'analysing', 'problem', 'characteristic', 'breaking', 'problem', 'program', 'construct', 'internal', 'operation']"
NTU,MH1805,"['subject', 'knowledge', 'logical', 'reasoning', 'analytical', 'skill', 'calculus']"
NTU,MH1812,"['discrete', 'mathematics', 'discrete', 'structure', 'discrete', 'mathematics', 'number', 'theory', 'logic', 'combinatorics', 'graph', 'theory', 'computer', 'science', 'computer', 'engineering', 'elementary', 'number', 'theory', 'euclidean', 'division', 'modular', 'arithmetic', 'operator', 'closure', 'proposition', 'logical', 'operator', 'compound', 'proposition', 'truth', 'table', 'equivalent', 'statement', 'de', 'morgan', ""'s"", 'law', 'logical', 'equivalence', 'law', 'order', 'operation', 'inference', 'rule', 'predicate', 'quantification', 'quantifier', 'determining', 'truth', 'value', 'conditional', 'quantification', 'direct', 'proof', 'proof', 'induction']"
NTU,CC0001,"['process', 'organising', 'thought', 'process', 'writing', 'genre', 'convention', 'discipline', 'later', 'study', 'communication', 'course', 'written', 'oral', 'communication', 'skill', 'process', 'composition', 'confidence', 'clarity', 'audience', 'purpose']"
NTU,CC0002,"['problem', 'solving', 'technique', 'computational', 'thinking', 'quantitative', 'reasoning', 'identify', 'online', 'threat', 'intellectual', 'property', 'right', 'cybersecurity', 'effective', 'presentation', 'communication', 'collaborative', 'skill', 'team']"
NTU,CZ1007,"['data', 'structure', 'array', 'linked', 'list', 'stack', 'queue', 'tree', 'algorithm', 'analysis', 'design', 'computer', 'science', 'computer', 'engineering']"
NTU,CZ2002,"['object', 'oriented', 'object', 'oriented', 'object', 'oriented', 'concept', 'encapsulation', 'inheritance', 'polymorphism', 'uml', 'diagram', 'object', 'oriented', 'programming', 'language', 'java', 'c']"
NTU,SC1015,"['data', 'handling', 'exploratory', 'data', 'analysis', 'data', 'visualization', 'data', 'based', 'inference', 'data', 'focused', 'communication', 'artificial', 'intelligence', 'state', 'space', 'search', 'problem', 'computer', 'vision', 'natural', 'language', 'processing', 'ethical', 'issue', 'big', 'data', 'neural', 'network', 'deep', 'learning', 'python']"
NTU,CC0003,"['local', 'global', 'community', 'governance', 'institution']"
NTU,CC0005,"['develop', 'physically', 'healthy', 'lifestyle', 'physical', 'mental', 'health', 'intricately', 'linked']"
NTU,CZ2001,"['design', 'implement', 'algorithm', 'analyse', 'correctness', 'resource', 'requirement', 'mainly', 'time', 'space', 'complexity', 'algorithm', 'computer', 'engineering', 'ce', 'computer', 'science', 'c', 'ce', 'c']"
NTU,CZ2006,"['software', 'engineering']"
NTU,MH2500,"['probability', 'statistic', 'random', 'variable', 'independence', 'probability', 'distribution', 'confidence', 'interval']"
NTU,MH2802,"['vector', 'space', 'linear', 'algebra', 'mathematical', 'skill', 'thinking', 'reasoning', 'communication', 'modelling', 'skill']"
NTU,CC0006,[]
NTU,ML0004,"['business', 'model', 'innovation', 'working', 'team']"
NTU,CZ2007,"['database', 'management', 'system', 'dbms', 'entity', 'relationship', 'data', 'model', 'relational', 'data', 'model', 'functional', 'dependency', 'fd', 'normalization', 'relational', 'algebra', 'structured', 'query', 'language', 'sql', 'relational', 'data', 'indexing', 'technique', 'query', 'processing', 'optimization', 'transaction', 'management', 'concurrency', 'control']"
NTU,CZ3005,"['artificial', 'intelligence', 'knowledge', 'engineering', 'intelligent', 'agent', 'procedural', 'representation', 'symbolic', 'representation', 'knowledge', 'engineering']"
NTU,MH3500,"['parameter', 'estimation', 'hypothesis', 'testing', 'statistic']"
NTU,MH3511,"['data', 'analysis', 'data', 'analysis', 'r', 'programming', 'language', 'plotting', 'making', 'inference', 'presenting', 'various', 'type', 'data']"
NTU,HW0218,"['written', 'oral', 'communication', 'academic', 'public', 'setting', 'scientific', 'communication', 'searching', 'academic', 'database', 'critically', 'reading', 'scientific', 'text', 'citing', 'source', 'composing', 'scientific', 'argument', 'effective', 'presentation', 'writing', 'skill']"
NTU,CC0007,"['critical', 'thinking', 'curiosity', 'collaboration', 'across', 'discipline']"
NTU,CZ4041,"['machine', 'learning', 'technique', 'data', 'mining', 'computer', 'vision', 'unsupervised', 'learning', 'supervised', 'learning', 'machine', 'learning']"
NTU,CZ4032,"['data', 'analytics', 'mining', 'data', 'analytics', 'mining', 'data', 'pre', 'processing', 'data', 'analytics', 'visualization', 'cluster', 'pattern', 'analysis', 'predictive', 'pattern', 'mining', 'association', 'rule', 'mining', 'anomaly', 'detection']"
NTU,MH2100,"['calculus', 'iii', 'calculus', 'calculus', 'calculus', 'ii', 'limit', 'continuity', 'derivative', 'integral', 'real', 'valued', 'vector', 'valued', 'function', 'degree', 'geometry', 'linear', 'algebra', 'calculus', 'mathematics']"
NTU,SD3079,['cao']
NTU,SC4079,[]
SMU,ACCT420,"['financial', 'accounting', 'managerial', 'accounting', 'audit', 'financial', 'non', 'financial', 'data', 'forecast', 'event', 'detect', 'financial', 'discrepancy', 'fraud', 'predict', 'corporate', 'default', 'optimize', 'operation', 'determine', 'business', 'strategy', 'data', 'visualisation', 'text', 'analytics', 'neural', 'network', 'deep', 'learning']"
SMU,COR1305,"['modeling', 'statistic', 'mathematics', 'spreadsheet', 'application', 'analysis', 'model', 'verification', 'simulation', 'management', 'reporting', 'tool']"
SMU,CS420,"['artificial', 'intelligence', 'artificial', 'intelligence', 'ai', 'application', 'search', 'probabilistic', 'graphical', 'model', 'planning', 'learning', 'uncertainty', 'multi', 'agent', 'system', 'image', 'processing', 'natural', 'language', 'processing']"
SMU,CS421,"['machine', 'learning', 'artificial', 'intelligence', 'machine', 'learning', 'machine', 'learning', 'supervised', 'learning', 'classification', 'regression', 'unsupervised', 'learning', 'clustering', 'traditional', 'shallow', 'support', 'vector', 'machine', 'deep', 'learning', 'machine', 'learning', 'machine', 'learning', 'computational', 'thinking', 'programming', 'probability', 'statistic', 'linear', 'algebra', 'linear', 'algebra', 'statistical', 'thinking', 'data', 'structure', 'algorithm', 'design', 'analysis', 'algorithm']"
SMU,DSA201,"['random', 'sampling', 'statistical', 'inference', 'sampling', 'distribution', 'computer', 'intensive', 'method', 'nonparametric', 'approach', 'statistical', 'inference', 'maximum', 'likelihood', 'method', 'consistency', 'efficiency', 'confidence', 'interval', 'estimation', 'neyman', 'pearson', 'lemma', 'likelihood', 'ratio', 'test', 'information', 'criterion', 'goodness', 'fit', 'contingency', 'table', 'em', 'algorithm', 'bootstrap', 'markov', 'chain', 'monte', 'carlo']"
SMU,DSA211,"['big', 'data', 'analysis', 'programming', 'programming', 'r', 'programming', 'statistical', 'inference', 'statistical', 'modelling', 'linear', 'regression', 'resampling', 'method', 'linear', 'model', 'selection', 'regularization', 'tree', 'based', 'method', 'cluster', 'analysis']"
SMU,DSA212,"['retrieve', 'prepare', 'data', 'data', 'analysis', 'handle', 'various', 'type', 'data', 'programming', 'programming', 'r', 'data', 'visualization', 'data', 'wrangling', 'data', 'graphic', 'database', 'querying', 'sql', 'database', 'administration', 'spatial', 'data', 'network', 'science']"
SMU,DSA301,"['predictive', 'model', 'stationary', 'non', 'stationary', 'autoregressive', 'moving', 'average', 'model', 'vector', 'vector', 'error', 'correction', 'model', 'forecasting', 'loss', 'function', 'forecast', 'uncertainty', 'forecast', 'evaluation']"
SMU,DSA303,"['modelling', 'analyzing', 'spatial', 'data', 'spatial', 'data', 'geostatistical', 'data', 'lattice', 'data', 'point', 'pattern', 'lattice', 'data', 'exploratory', 'spatial', 'data', 'analysis', 'method', 'spatial', 'autocorrelation', 'spatial', 'linear', 'regression', 'model', 'spatial', 'panel', 'data', 'model', 'quasi', 'maximum', 'likelihood', 'gmm', 'method', 'model', 'estimation', 'inference', 'data', 'analysis', 'r']"
SMU,DSA306,"['following', 'volume', 'variety', 'velocity', 'veracity', 'big', 'data', 'big', 'data', 'medium', 'data', 'warehouse', 'big', 'data', 'r', 'programming', 'language', 'big', 'data', 'analysis', 'data', 'mining', 'machine', 'learning']"
SMU,ECON233,"['econometric', 'forecasting', 'method', 'stationary', 'non', 'stationary', 'autoregressive', 'moving', 'average', 'model', 'vector', 'vector', 'error', 'correction', 'model', 'macroeconomic', 'forecasting', 'autoregressive', 'conditional', 'heteroskedasticity', 'model', 'volatility', 'forecasting', 'vector', 'error', 'correction', 'model', 'forecasting', 'autoregressive', 'conditional', 'heteroskedasticity', 'model', 'forecast', 'uncertainty', 'forecast', 'evaluation', 'model', 'stability', 'structural', 'change', 'kalman', 'filtering']"
SMU,ECON245,"['health', 'data', 'statistical', 'package', 'r', 'r']"
SMU,IS105,"['relational', 'database', 'theory', 'data', 'management', 'concept', 'data', 'modelling', 'database', 'design', 'database', 'implementation', 'search', 'unstructured', 'data', 'database', 'system']"
SMU,IS112,"['relational', 'database', 'theory', 'data', 'management', 'concept', 'data', 'modelling', 'database', 'design', 'database', 'implementation', 'database', 'system']"
SMU,IS1702,"['mathematics', 'computer', 'science', 'discrete', 'mathematics', 'data', 'structure', 'algorithm', 'design', 'analytical', 'python', 'spreadsheet']"
SMU,IS415,"['gi', 'analysis', 'gi', 'gi', 'spatial', 'analysis', 'location', 'modelling', 'technique']"
SMU,IS417,"['dw', 'bi', 'system', 'data', 'warehousing', 'business', 'intelligence', 'data', 'warehouse', 'learn', 'data', 'warehouse', 'data', 'cube', 'data', 'cube', 'business', 'analytics', 'business', 'analytics', 'data', 'warehousing', 'business', 'intelligence', 'dw', 'bi', 'application', 'business', 'intelligence', 'data', 'warehousing', 'data', 'warehousing', 'dw', 'bi', 'application', 'business', 'analytic', 'data', 'warehousing', 'business', 'intelligence']"
SMU,IS424,"['data', 'mining', 'data', 'analysis', 'data', 'mining', 'relational', 'database', 'business', 'intelligence', 'data', 'mining', 'data', 'mining', 'process', 'data', 'preprocessing', 'data', 'mining', 'technique', 'data', 'mining', 'evaluation', 'business', 'intelligence', 'data', 'mining', 'business', 'intelligence', 'data', 'mining', 'programming', 'data', 'mining']"
SMU,IS428,"['visual', 'analytics', 'visual', 'thinking', 'visual', 'analytics', 'visual', 'communication', 'graphical', 'method', 'visual', 'analytics']"
SMU,IS460,"['machine', 'learning', 'artificial', 'intelligence', 'machine', 'learning', 'machine', 'learning', 'supervised', 'learning', 'na', 'bayes', 'classifier', 'linear', 'regression', 'logistic', 'regression', 'neural', 'network', 'unsupervised', 'learning', 'principal', 'component', 'analysis', 'pca', 'singular', 'value', 'decomposition', 'svd', 'traditional', 'shallow', 'support', 'vector', 'machine', 'svm', 'deep', 'learning', 'recurrent', 'neural', 'network', 'rnn', 'convolutional', 'neural', 'network', 'cnn', 'machine', 'learning', 'machine', 'learning', 'programming', 'probability', 'statistic', 'linear', 'algebra', 'calculus', 'math', 'data', 'mining', 'business', 'analytics', 'machine', 'learning']"
SMU,MKTG228,"['marketing', 'analytics', 'programming', 'data', 'visualization', 'marketing', 'analytics', 'marketing', 'technology', 'marketing', 'intelligence', 'data', 'science']"
SMU,OPIM326,"['product', 'quality', 'control', 'revenue', 'management', 'linear', 'regression', 'logistic', 'regression', 'classification', 'regression', 'tree', 'random', 'forest', 'clustering', 'optimization', 'visualization', 'technique', 'r', 'r', 'notebook', 'r', 'notebook']"
SMU,STAT201,"['theory', 'quantitatively', 'assessing', 'uncertain', 'event', 'probability', 'actuarial', 'science', 'finance', 'probability', 'probability', 'distribution', 'mathematical', 'expectation', 'discrete', 'distribution', 'continuous', 'distribution', 'random', 'variable', 'sampling', 'distribution', 'jointly', 'distributed', 'random', 'variable', 'limit', 'theorem', 'stochastic', 'process']"
SUSS,ACC202,"['financial', 'managerial', 'accounting', 'financial', 'managerial', 'accounting', 'accounting']"
SUSS,ANL201,"['data', 'visualisation', 'business', 'measuring', 'visualisation', 'technique', 'data', 'management', 'data', 'cleaning', 'exploratory', 'analysis', 'data', 'treatment', 'create', 'effective', 'data', 'visualisation', 'package', 'effective', 'visualisation', 'communication', 'story', 'hidden', 'software', 'skill']"
SUSS,ANL252,"['python', 'business', 'analytics', 'python', 'python', 'code', 'visualisation', 'data', 'analytics', 'accessible', 'python', 'library', 'programming']"
SUSS,ANL303,"['data', 'mining', 'process', 'application', 'data', 'mining', 'possible', 'data', 'mining', 'prepare', 'data', 'basic', 'skill', 'knowledge', 'constructing', 'data', 'mining', 'result', 'data', 'analytics', 'cloud', 'service']"
SUSS,ANL305,"['association', 'clustering', 'association', 'rule', 'mining', 'clustering', 'unsupervised', 'learning', 'data', 'exploration', 'analysis', 'cloud', 'service']"
SUSS,ANL307,"['predictive', 'modelling', 'model', 'construction', 'evaluation', 'deployment', 'predictive', 'modelling', 'cloud', 'service']"
SUSS,ANL310,"['business', 'analytics', 'application', 'issue', 'business', 'analytics', 'data', 'mining', 'cross', 'selling', 'selling', 'deployment', 'data', 'mining', 'model']"
SUSS,ANL312,"['text', 'mining', 'applied', 'project', 'formulation', 'text', 'mining', 'report', 'writing', 'text', 'mining']"
SUSS,ANL488,"['data', 'mining']"
SUSS,BUS105,"['statistical', 'concept', 'technique', 'statistic', 'probability', 'distribution', 'sampling', 'distribution', 'interval', 'estimation', 'hypothesis', 'testing', 'anova', 'regression', 'analytical', 'skill']"
SUSS,FIN203,"['finance', 'finance', 'essential', 'financial', 'management', 'finance', 'financial', 'statement', 'cash', 'flow', 'valuation', 'time', 'value', 'money', 'risk', 'return', 'cost', 'capital', 'capital', 'structure', 'investment', 'financial', 'planning']"
SUSS,MKT202e,"['marketing', 'management', 'marketing', 'marketing', 'marketing', 'theory', 'technology', 'digital', 'marketing', 'development', 'execution', 'marketing', 'plan', 'programme']"
SUSS,ACC353,"['accounting', 'analytics', 'data', 'analytical', 'method', 'assist', 'accounting', 'analysis', 'accounting', 'analytical', 'method', 'management', 'accounting', 'knowledge', 'impact', 'accounting', 'business', 'process', 'examining', 'data', 'financial', 'accounting', 'management', 'accounting', 'auditing', 'function', 'selecting', 'data', 'analytics', 'accounting']"
SUSS,ANL317,"['business', 'forecasting', 'time', 'series', 'modelling', 'forecasting', 'preparing', 'data', 'identifying', 'specific', 'pattern']"
SUSS,ANL321,"['statistical', 'method', 'statistical', 'inference', 'mathematics', 'statistic', 'random', 'variable', 'probability', 'formulation', 'estimator', 'regression', 'model', 'statistical', 'design', 'thinking', 'estimation', 'identification', 'causality', 'regression', 'regression', 'calculus', 'statistic', 'statistic']"
SUSS,ANL351,"['sa', 'programming', 'application', 'sa', 'sa', 'sa', 'preparing', 'data', 'summarizing', 'data', 'producing', 'report', 'sa']"
SUSS,ANL355,"['applied', 'operation', 'research', 'optimization', 'simplex', 'method', 'network', 'simplex', 'integer', 'programming', 'non', 'linear', 'programming', 'dynamic', 'programming', 'computer', 'software', 'excel']"
SUSS,BIS388,[]
SUSS,BME363,"['artificial', 'intelligence', 'data', 'analytics', 'python', 'data', 'processing', 'bioinformatics', 'medicine', 'diagnostics', 'medical', 'informatics']"
SUSS,BUS102,"['management', 'digital', 'age', 'business', 'management', 'planning', 'organising', 'leading', 'controlling', 'management']"
SUSS,BUS107,"['quantitative', 'method', 'management', 'science', 'linear', 'programming', 'optimisation', 'simulation', 'linear', 'programming', 'forecasting', 'decision', 'analysis', 'simulation', 'network', 'flow']"
SUSS,BUS201,"['contract', 'agency', 'law', 'contract', 'agency', 'law']"
SUSS,BUS352,"['effective', 'business', 'decision', 'operation', 'analytics', 'together', 'data', 'operation', 'analytics', 'data', 'support', 'describe', 'present', 'operational', 'data', 'construct', 'quantitative', 'model', 'forecasting', 'optimisation', 'simulation', 'model']"
SUSS,BUS353,"['project', 'management', 'project', 'management', 'proposal', 'proposal', 'submission', 'risk', 'assessment', 'project', 'scheduling', 'resource', 'allocation', 'cost', 'estimation', 'budgeting']"
SUSS,BUS357,"['starting', 'managing', 'business', 'mindset', 'characteristic', 'build', 'start', 'idea', 'validating', 'idea', 'investor', 'process', 'validating', 'testing', 'idea', 'coming', 'prototype', 'prepare', 'pitch', 'strategic', 'financial', 'legal', 'business', 'planning']"
SUSS,ECO202,"['economic', 'idea', 'model', 'business', 'consumer', 'producer', 'decision', 'making', 'market', 'efficiency', 'cost', 'game', 'theory', 'inflation']"
SUSS,ENG233,"['internet', 'thing', 'iot', 'iot', 'iot', 'architecture', 'system', 'requirement', 'iot', 'system', 'design', 'interface', 'communication', 'protocol', 'data', 'storage', 'iot', 'system', 'system', 'security', 'iot', 'iot', 'system', 'pi', 'iot', 'system']"
SUSS,ICT233,"['hypertext', 'transport', 'protocol', 'http', 'write', 'program', 'http', 'hypertext', 'markup', 'language', 'html', 'design', 'traditional', 'database', 'object', 'relational', 'mapping', 'orm', 'create', 'read', 'update', 'destroy', 'crud', 'database', 'system', 'crud', 'programming', 'language']"
SUSS,ICT330,"['database', 'management', 'system', 'relational', 'database', 'data', 'modelling', 'database', 'system', 'relational', 'database', 'sql', 'database', 'management', 'system', 'oracle', 'database', 'system', 'sql', 'data', 'definition', 'language', 'ddl', 'implementation', 'database', 'object', 'view', 'trigger', 'stored', 'procedure', 'sql', 'procedural', 'extension', 'database', 'system', 'concurrency', 'database', 'backup', 'recovery', 'security']"
SUSS,MKT365,"['social', 'medium', 'metric', 'analytics', 'acquiring', 'analysing', 'data', 'python', 'python', 'data', 'collection', 'natural', 'language', 'processing', 'nlp', 'social', 'network', 'analysis', 'data', 'visualization', 'decision', 'making', 'digital', 'marketing']"
SUSS,MKT371,"['customer', 'insight', 'analytics', 'collect', 'survey', 'data', 'statistical', 'analysis']"
SUSS,MKT390,"['marketing', 'research', 'marketing', 'marketing', 'research', 'sampling', 'scale', 'measurement', 'questionnaire', 'design']"
SUTD,10.014,"['programming', 'programming', 'architectural', 'design', 'programming', 'design', 'computing', 'visual', 'programming', 'python', 'programming']"
SUTD,50.001,"['design', 'programming', 'information', 'system', 'object', 'oriented', 'programming', 'data', 'structure', 'mobile', 'system', 'programming', 'design', 'pattern', 'use', 'software', 'library', 'internet', 'thing', 'android', 'app', 'data', 'analytics']"
SUTD,50.002,"['architecture', 'digital', 'system', 'structural', 'principle', 'multilevel', 'implementation', 'strategy', 'new', 'primitive', 'gate', 'instruction', 'procedure', 'process', 'analysis', 'potential', 'concurrency', 'precedence', 'constraint', 'performance', 'measure', 'pipelined', 'multidimensional', 'system', 'instruction', 'set', 'design', 'issue', 'architectural', 'support', 'contemporary', 'software', 'structure']"
SUTD,50.003,"['software', 'design', 'unified', 'modeling', 'language', 'uml', 'software', 'testing', 'automated', 'software', 'test', 'generation', 'automated', 'software', 'security', 'testing', 'blackbox', 'whitebox', 'approach', 'detection', 'removal', 'software', 'code', 'software', 'coding', 'standard', 'concurrent', 'programming', 'programming', 'thread', 'process', 'understanding', 'concurrency', 'problem', 'deadlock', 'data', 'race', 'software', 'design', 'implementation', 'testing', 'reasoning']"
SUTD,50.004,"['data', 'structure', 'analyze', 'complexity', 'algorithm', 'dynamic', 'programming', 'design', 'algorithm']"
SUTD,50.005,"['engineering', 'computing', 'networking', 'system', 'operating', 'system', 'networking', 'system', 'user', 'end', 'end', 'application']"
SUTD,50.007,"['machine', 'learning', 'machine', 'learning', 'machine', 'learning', 'na', 'bayes', 'logistic', 'regression', 'neural', 'network', 'clustering', 'probabilistic', 'graphical', 'model', 'reinforcement', 'learning', 'svms']"
SUTD,40.319,"['foundational', 'principle', 'mathematical', 'theory', 'problem', 'solving', 'statistical', 'learning', 'neural', 'network', 'reinforcement', 'learning', 'decision', 'theory', 'information', 'theory', 'generative', 'model', 'deep', 'learning', 'dimensionality', 'reduction', 'expectation', 'maximization', 'time', 'series', 'prediction', 'control', 'theory', 'machine', 'reasoning', 'building', 'intelligent', 'system']"
SUTD,50.038,"['data', 'science', 'data', 'science', 'data', 'gathering', 'preprocessing', 'data', 'analysis', 'machine', 'learning', 'machine', 'learning', 'data', 'storage', 'distributed', 'processing']"
SUTD,50.043,"['database', 'system', 'manage', 'data', 'big', 'data', 'high', 'velocity', 'great', 'variety', 'support', 'analytics', 'traditional', 'database', 'oracle', 'mysql', 'data', 'management', 'traditional', 'database', 'namely', 'state', 'art', 'big', 'data', 'platform', 'namely', 'mongodb', 'apache', 'spark', 'different', 'system']"
SUTD,50.035,"['computer', 'vision', 'computational', 'mathematical', 'principle', 'neural', 'network', 'deep', 'learning', 'computer', 'vision', 'image', 'video', 'classification', 'localization', 'detection', 'deep', 'learning', 'convolutional', 'neural', 'network', 'cnn', 'recurrent', 'neural', 'network', 'rnn', 'long', 'short', 'term', 'memory', 'lstm', 'generative', 'adversarial', 'network', 'gan', 'design', 'implement', 'train', 'debug', 'system', 'neural', 'network', 'design', 'neural', 'network', 'computer', 'vision']"
SUTD,50.039,"['deep', 'learning', 'reinforcement', 'learning', 'multimodal', 'combination', 'deep', 'learning', 'neural', 'network', 'temporal', 'causal', 'network', 'recurrent', 'neural', 'network', 'multimodal', 'approach', 'attention', 'model', 'explainable', 'ai', 'generative', 'adversarial', 'neural', 'net', 'data', 'parameter', 'tuning', 'performance', 'evaluation', 'deep', 'learning', 'transfer', 'learning', 'data', 'augmentation']"
SUTD,50.04,"['natural', 'language', 'processing', 'nlp', 'artificial', 'intelligence', 'ai', 'machine', 'learning', 'algorithm', 'text', 'processing', 'nlp', 'part', 'speech', 'tagging', 'word', 'embeddings', 'chunking', 'syntactic', 'parsing', 'semantic', 'role', 'labeling', 'semantic', 'parsing', 'named', 'entity', 'recognition', 'sentiment', 'analysis', 'generation', 'machine', 'translation', 'deep', 'learning', 'based', 'nlp', 'nlp', 'algorithm']"
SUTD,50.006,"['human', 'computer', 'interaction', 'hci', 'interaction', 'design', 'usability', 'usability', 'principle', 'design', 'guideline', 'heuristic', 'user', 'centred', 'design', 'usability', 'engineering', 'user', 'experience', 'evaluation', 'technique']"
SUTD,50.012,"['principle', 'practice', 'computer', 'networking', 'computer', 'network', 'packet', 'switching', 'layered', 'architecture', 'tcp', 'ip', 'physical', 'layer', 'error', 'control', 'window', 'flow', 'control', 'local', 'area', 'network', 'ethernet', 'token', 'ring', 'network', 'layer', 'congestion', 'control', 'quality', 'service', 'multicast', 'network', 'programming', 'interface', 'networked', 'application']"
SUTD,50.017,"['computer', 'graphic', 'algorithm', 'ray', 'tracing', 'graphic', 'pipeline', 'transformation', 'texture', 'mapping', 'shadow', 'sampling', 'global', 'illumination', 'spline', 'animation', 'virtual', 'augmented', 'reality', 'computer', 'graphic', 'algorithm', 'graphic', 'hardware', 'basic', 'opengl', 'c', 'c', 'programming', 'machine', 'learning']"
SUTD,50.02,"['theory', 'practice', 'network', 'security', 'network', 'security', 'internet', 'security', 'tcp', 'ip', 'protocol', 'stack', 'firewall', 'intrusion', 'prevention', 'system', 'technology', 'protect', 'network', 'wireless', 'network', 'security', 'iot', 'security']"
SUTD,50.021,"['artificial', 'intelligence', 'ai', 'artificial', 'intelligence', 'optimization', 'problem', 'probabilistic', 'reasoning']"
SUTD,50.033,"['game', 'creation', 'game', 'development', 'c', 'programming', 'console', 'application', 'gui', 'game', 'game', 'architecture', 'interface', 'design', 'graphic', 'game', 'audio', 'game', 'prototyping']"
SUTD,50.037,"['decentralized', 'blockchain', 'based', 'system', 'public', 'distributed', 'ledger', 'blockchain', 'system', 'cryptocurrencies', 'smart', 'contract', 'design', 'build', 'secure', 'distributed', 'application']"
SUTD,50.041,"['designing', 'implementing', 'large', 'scale', 'distributed', 'system', 'distributed', 'system', 'go', 'distributed', 'system', 'designing', 'distributed', 'file', 'system', 'google', 'file', 'system', 'distributed', 'system']"
SUTD,50.042,"['integrity', 'availability', 'security', 'issue', 'cryptographic', 'primitive', 'symmetric', 'asymmetric', 'cryptography', 'random', 'number', 'generation', 'security', 'protocol', 'public', 'key', 'infrastructure']"
SUTD,50.044,"['security', 'security', 'flaw', 'security', 'widely', 'used', 'computer', 'platform', 'user', 'authentication', 'physical', 'layer', 'attack', 'tamper', 'resistant', 'hardware', 'biometrics', 'computer', 'forensics', 'bitcoin']"
SUTD,50.045,"['automatic', 'method', 'information', 'retrieval', 'ir', 'ir', 'search', 'retrieval', 'ir', 'indexing', 'processing', 'querying', 'primary', 'textual', 'data', 'basic', 'concept', 'technique', 'ir', 'basic', 'functionality', 'underlying', 'algorithm', 'ir', 'system', 'neural', 'network', 'deep', 'learning', 'based', 'ir', 'system', 'develop', 'basic', 'ir', 'system', 'scratch', 'evaluate', 'system', 'classification', 'clustering', 'topic', 'modeling', 'ir', 'system']"
SUTD,50.046,"['internet', 'thing', 'iot', 'cloud', 'computing', 'technology', 'iot', 'device', 'programming', 'esp', 'sensing', 'technology', 'iot', 'protocol', 'storage', 'distributed', 'parallel', 'computing', 'virtualization', 'design', 'develop', 'deploy', 'end', 'end', 'cloud', 'based', 'iot', 'application']"
SUTD,50.049,"['multicore', 'processor', 'architecture', 'parallel', 'computing', 'superscalar', 'hardware', 'architecture', 'architect', 'algorithm', 'software', 'solution', 'design', 'correct', 'efficient', 'parallel', 'computing', 'software', 'debug', 'instrument', 'parallel', 'computing']"
SUTD,50.05,"['computer', 'science', 'discrete', 'mathematics', 'mathematics', 'artificial', 'intelligence', 'communication', 'computer', 'graphic', 'cybersecurity', 'data', 'analytics', 'robotics', 'counting', 'method', 'logic', 'proof', 'method', 'graph', 'theory', 'graph', 'coloring', 'matchings', 'ramsey', 'theory', 'graph', 'algorithm', 'algorithm', 'algorithm', 'kruskal', 'algorithm', 'prim', 'algorithm', 'number', 'theory', 'modular', 'arithmetic', 'euclidean', 'algorithm', 'coding', 'theory', 'huffman', 'coding', 'hamming', 'code', 'convex', 'geometry', 'polytopes', 'voronoi', 'diagram', 'computational', 'geometry', 'fortune', 'algorithm', 'gilbert', 'johnson']"
SUTD,50.051,"['data', 'representation', 'programming', 'compilation', 'create', 'complex', 'data', 'type', 'object', 'oriented', 'programming', 'lexical', 'analysis', 'parsing', 'programming', 'language', 'design', 'memory', 'management', 'c', 'compilation']"
SUTD,50.052,"['extended', 'reality', 'xr', 'virtual', 'reality', 'augmented', 'reality', 'mixed', 'reality', 'extended', 'reality', 'xr', 'human', 'perception', 'immersion', 'presence', 'virtual', 'world', 'modelling', 'real', 'time', 'simulation', 'input', 'output', 'device', 'user', 'interaction', 'design', 'principle', 'xr', 'develop', 'xr', 'application', 'programming', 'front', 'back', 'end', 'unity']"
SUTD,50.053,"['model', 'checking', 'test', 'arbitrarily', 'complex', 'system', 'coverage', 'based', 'testing', 'unit', 'testing', 'systematic', 'test', 'generation', 'strategy', 'software', 'project', 'prototype', 'systematic', 'testing', 'mechanism']"
SIT,CSC1002,"['mathematics', 'discrete', 'mathematics']"
SIT,CSC1001,[]
SIT,ICT1002,['ict']
SIT,CSC1006,"['mathematics', 'statistic', 'linear', 'algebra', 'machine', 'learning', 'data', 'analytics']"
SIT,CSC3009,"['machine', 'learning', 'machine', 'learning', 'algorithm', 'iot', 'application']"
SIT,ICT1008,"['data', 'structure', 'complexity', 'analysis', 'algorithm']"
SIT,ICT1004,"['application', 'build', 'website', 'web', 'based', 'application', 'web', 'architecture']"
SIT,CSC1009,"['basic', 'language', 'construct', 'apis', 'java', 'construct', 'practical', 'software', 'component', 'handling', 'exception', 'develop', 'secured', 'code', 'implement', 'object', 'oriented', 'software', 'application', 'code', 'documentation', 'reusability']"
SIT,DCM1112,"['visualising', 'quantitative', 'data', 'data', 'collection']"
SIT,PHE2019,"['oral', 'presentation', 'written', 'report']"
SIT,ICT2101,"['basic', 'principle', 'process', 'software', 'engineering', 'software', 'engineering', 'software', 'life', 'cycle', 'process', 'model', 'software', 'architecture', 'software', 'maintenance', 'project', 'planning', 'make', 'decision', 'cooperate', 'communicate', 'others']"
SIT,CSC2003,"['embedded', 'system', 'basic', 'architectural', 'component', 'application', 'corresponding', 'design', 'constraint', 'iot', 'application', 'functionality', 'microcontrollers', 'c', 'plan', 'organize', 'design', 'implementation', 'decision']"
SIT,CSC2008,"['software', 'engineering', 'database', 'administration', 'relational', 'database']"
SIT,CSC3004,"['software', 'engineering', 'distributed', 'system', 'iot', 'pervasive', 'system', 'develop', 'mechanism', 'methodology', 'application', 'distributed', 'iot', 'system', 'distributed', 'data', 'processing', 'algorithm', 'distributed', 'algorithm', 'theoretical', 'mathematical', 'modelling', 'distributed', 'computing', 'cloud', 'computing', 'software', 'defined', 'architecture', 'container']"
SIT,ICT4005,"['change', 'management', 'theory']"
SIT,ICT3211,[]
SIT,ICT3210/ICT3110,['ict']
SIT,CSC3002,[]
SIT,ICT4001,[]
SIT,CSC3005,"['big', 'data', 'iot', 'modelling', 'accessing', 'storing', 'big', 'data', 'fundamental', 'system', 'designed', 'store', 'access', 'big', 'data', 'programming', 'paradigm', 'efficient', 'scalable', 'access', 'big', 'data', 'data', 'processing', 'methodology', 'facilitate', 'big', 'data', 'analytics', 'scalability', 'efficiency', 'big', 'data', 'infrastructure', 'cloud', 'based', 'nosql', 'system', 'achieve', 'efficiency', 'scalability']"
SIT,Artificial Intelligence in Business and Society,"['artificial', 'intelligence', 'business']"
SIT,Natural Language Processing,"['natural', 'language', 'processing']"
SIT,Edge Computing and Analytics,"['edge', 'computing', 'analytics']"
SIT,Cyber Security Fundamentals,[]
SIT,AI Cross-Domain Project,"['cross', 'domain', 'project']"
SIT,Computer Vision and Deep Learning,"['computer', 'vision', 'deep', 'learning']"
