query,skill
data,ADOdb Database Abstraction Library For PHP
data,ATLAS.ti (Qualitative Data Analysis Software)
data,Abstract Data Types
data,ActiveX Data Objects
data,Adobe LiveCycle Data Services (Software)
data,Advanced Function Presentation Data Stream
data,Advantage Database Servers
data,Aerodrome Mapping Databases
data,Alation Data Catalog
data,Alembic (Data Migration Tool)
data,Alphanumeric Data Entry
data,Amazon Data Pipeline
data,Amazon Quantum Ledger Database (QLDB)
data,Amazon Relational Database Services
data,Apex Data Loader
data,App Data
data,Application Data
data,Aqua Data Studio
data,Australian National Data Services
data,Automated Title Information Data System
data,Automatic Data Processing Equipment
data,Automatic Data Processing Software (ADP)
data,Automatic Force Adjustment Data Systems
data,Automatic Identification And Data Capture
data,Azure Data Catalog
data,Azure Data Explorer (Kusto)
data,Azure Data Factory
data,Azure Data Lake
data,Azure Databricks
data,Basis Database
data,Bibliographic Databases
data,Big Data
data,Big Data Analytics
data,Binary Data
data,Bioinformatics Databases
data,Biological Database
data,Borland Database Engine
data,Business Intelligence Data Modeling
data,C Data Types (C Programming Language)
data,CA Test Data Manager
data,CAD Data Exchange
data,Categorical Data
data,Cellular Data Communication Protocols
data,Cellular Digital Packet Data
data,Change Data Capture (CDC)
data,Chemical Databases
data,Circuit Switched Data
data,Climate Data Analysis Tool (CDAT)
data,Climate Data Exchange (CDX)
data,Clinical Data Analysis
data,Clinical Data Exchange
data,Clinical Data Interchange Standards Consortium
data,Clinical Data Management
data,Clinical Data Management Systems
data,Clinical Data Review
data,Clinical Data Warehouse
data,Clinical Database Development
data,Cloud Data Management Interface
data,Cloud Database
data,Collaboration Data Objects For Windows NT Servers
data,Combined Information Data Network Exchange
data,Command And Data Handling
data,Computer Data Storage
data,Conceptual Data Modeling
data,Configuration Management Databases
data,Connected Data Objects
data,Consensus CDS Project (Biological Databases)
data,Consumer Database Management System
data,Continuous Data Replicator
data,Core Architecture Data Model
data,Core Data (Software)
data,Corporate Data Management
data,Correlation Database
data,Cross-Industry Standard Process for Data Mining (CRISP-DM)
data,Customer Data Integration
data,Customer Data Management
data,DATABUS (Programming Language)
data,DFRmm - Data Facility Removable Media Manager
data,DNA Databases
data,DOCSIS (Data Over Cable Service Interface Specification)
data,Data Abstraction
data,Data Access
data,Data Access Object (DAO) Patterns
data,Data Acquisition
data,Data Administration
data,Data Analysis
data,Data Analysis And Display (DADiSP)
data,Data Analysis Expressions (DAX)
data,Data Annotations
data,Data Architecture
data,Data Archives
data,Data Archiving Service
data,Data As A Service (DaaS)
data,Data Auditing
data,Data Base Query Language
data,Data Binding
data,Data Blending
data,Data Buffer
data,Data Build Tool
data,Data Cabling
data,Data Caching
data,Data Capture
data,Data Center Bridging
data,Data Center Hardware
data,Data Center Infrastructure Efficiency
data,Data Center Infrastructure Management (CIM)
data,Data Center Unified Computing Systems Implementation (DCUCI)
data,Data Centers
data,Data Class
data,Data Classification
data,Data Cleansing
data,Data Collection
data,Data Comparison
data,Data Compilation
data,Data Compression
data,Data Conditioning
data,Data Consistency
data,Data Control
data,Data Control Language
data,Data Conversion
data,Data Corruption
data,Data Cube
data,Data Curation
data,Data Definition Language
data,Data Definition Specification
data,Data Dictionary
data,Data Direct Networks
data,Data Discovery
data,Data Display Debuggers
data,Data Distribution Services
data,Data Domain
data,Data Driven Instruction
data,Data Duplication Management
data,Data Element
data,Data Encoding
data,Data Encryption
data,Data Encryption Standard
data,Data Engineering
data,Data Engineering Scripting Language
data,Data Entry
data,Data Erasure
data,Data Ethics
data,Data Exchange
data,Data Exploitation
data,Data Explorers
data,Data Extraction
data,Data Facility Data Set Services
data,Data Facility Storage Management
data,Data Farming
data,Data Feed
data,Data Files
data,Data Flow Diagram
data,Data Format Description Language
data,Data Frame
data,Data Fusion
data,Data General AViiON Computers
data,Data Governance
data,Data Grid
data,Data Hiding (Encapsulation)
data,Data Highway Plus
data,Data Hub
data,Data Import/Export
data,Data Infrastructure
data,Data Ingestion
data,Data Integration
data,Data Integrity
data,Data Intelligence
data,Data Interfaces
data,Data Item Descriptions
data,Data Lakes
data,Data Language Interface
data,Data Layers
data,Data Libraries
data,Data Link
data,Data Link Connection Identifier
data,Data Link Control
data,Data Link Layer
data,Data Literacy
data,Data Localization
data,Data Loss Prevention
data,Data Maintenance
data,Data Management
data,Data Management Plan
data,Data Management Platforms
data,Data Manipulation
data,Data Manipulation Language
data,Data Mapper Patterns
data,Data Mapping
data,Data Mart
data,Data Masking
data,Data Migration
data,Data Mining
data,Data Mining Methods
data,Data Mining Query Language (DMQL)
data,Data Modeling
data,Data Monetization
data,Data Normalization
data,Data ONTAP (Server Appliance)
data,Data Palette
data,Data Partitioning
data,Data Pipelines
data,Data Policy Development
data,Data Preprocessing
data,Data Presentation
data,Data Privacy Laws
data,Data Processing
data,Data Processing Systems
data,Data Processing Unit
data,Data Profiling
data,Data Protection Planning
data,Data Protection Strategy
data,Data Quality
data,Data Quality Assessment
data,Data Radio Channel
data,Data Recording
data,Data Recovery
data,Data Recovery Software
data,Data Reduction
data,Data Redundancy
data,Data Reference Model
data,Data Remanence
data,Data Reporting
data,Data Retention
data,Data Retrieval
data,Data Room
data,Data Science
data,Data Scraping
data,Data Security
data,Data Selection
data,Data Server Interface
data,Data Sharing
data,Data Smoothing
data,Data Storage Devices
data,Data Storage Technologies
data,Data Store
data,Data Storytelling
data,Data Strategy
data,Data Stream Management Systems
data,Data Streaming
data,Data Striping
data,Data Structure Alignment
data,Data Structures
data,Data Synchronization
data,Data Synthesis
data,Data System
data,Data Taxonomy
data,Data Terminal Equipment
data,Data Transfer Object
data,Data Transformation
data,Data Transformation Services
data,Data Transmissions
data,Data Transport Utility
data,Data Transposition
data,Data Validation
data,Data Vaults
data,Data Verification
data,Data Virtualization
data,Data Visualization
data,Data Warehouse Appliance
data,Data Warehouse Architectures
data,Data Warehouse Systems
data,Data Warehousing
data,Data Warehousing And Business Intelligence (DWBI)
data,Data Wrangling
data,Data-Centric Testing
data,Data-Driven Decision-Making
data,Data-Driven Manufacturing
data,Data-Driven Testing
data,Data-Flow Analysis
data,Data-Link Switching
data,Data-Structured Language
data,DataAdapters (ADO.NET)
data,DataBase Markup Language
data,DataBasic
data,DataCAD
data,DataFlex
data,DataFlux
data,DataNucleus
data,DataStax Enterprise
data,DataStax Enterprise Graph
data,DataTransfer Workbench SAP
data,Databags
data,Database Abstraction Layer
data,Database Activity Monitoring
data,Database Administration
data,Database Analysis
data,Database Application
data,Database Architecture
data,Database As A Service (DBaaS)
data,Database Audit
data,Database Availability Group
data,Database Cloning
data,Database Cluster
data,Database Comparison
data,Database Connection
data,Database Consistency
data,Database Console Commands (DBCC)
data,Database Consolidation
data,Database Conversion
data,Database Cursor
data,Database Deployment Management
data,Database Design
data,Database Development
data,Database Diagram
data,Database Directive
data,Database Dump
data,Database Encryption
data,Database Engine Tuning Advisor
data,Database Engines
data,Database First
data,Database Independent
data,Database Indexes
data,Database Life Cycle Management
data,Database Management
data,Database Management Systems
data,Database Marketing
data,Database Mirroring
data,Database Modeling
data,Database Normalization
data,Database Partitioning
data,Database Performance Analyzer
data,Database Permissions
data,Database Programmer's Toolkits
data,Database Programming
data,Database Publishing
data,Database Queries
data,Database Query Tools
data,Database Reporting Software
data,Database Scanners
data,Database Schema
data,Database Search Engine
data,Database Security
data,Database Servers
data,Database Software
data,Database Storage Structures
data,Database Systems
data,Database Testing
data,Database Theory
data,Database Transactions
data,Database Triggers
data,Database Tuning
data,Database Upgrades
data,Database Virtualization
data,Databricks
data,Datacap
data,Datacards
data,Datacom/DB
data,Datadog
data,Datafeed
data,Datafield
data,Dataflow
data,Dataflow Architecture
data,Dataframe
data,Datagram
data,Datagram Congestion Control Protocols
data,Datagram Transport Layer Security
data,Datakit
data,Datalog
data,Datamaps
data,Datamodel
data,Datanet
data,Dataportability
data,Datapump
data,Dataset
data,Datasheets
data,Dataspaces
data,Datastax
data,Datatable
data,Dataweave
data,Datawindow
data,DeZign For Databases
data,Dedoose (Qualitative Data Analysis Software)
data,Deductive Database
data,Defense Civilian Personnel Data Systems
data,Designing Cisco Data Center Application Services
data,Designing Cisco Data Center Unified Computing
data,Digital Data
data,Digital Data Communications Message Protocols
data,Digital Data Storage
data,Digital Data Systems
data,Digital Point Positioning Data Base
data,Digital Terrain Elevation Data (DTED)
data,Direct Electronic Data Interchange
data,Dirty Data
data,Distributed Data Store
data,Distributed Database
data,Distributed Database Management System (DDBMS)
data,Distributed Relational Database Architecture (DRDA)
data,DoD Employee Interactive Data System (DEIDS)
data,Document-Oriented Databases
data,Dummy Data
data,Dynamic Data
data,EXtremely Large Data Bases (XLDB)
data,Educational Data Mining
data,Electronic Data Capture (EDC)
data,Electronic Data Information Source
data,Electronic Data Interchange
data,Electronic Data Processing
data,Embedded Databases
data,Ember Data
data,Enhanced Data Rates For GSM Evolution
data,Enterprise Data Headers
data,Entry Sequenced Data Set
data,Environmental Data Analysis
data,Environmental Data Management
data,Erwin (Data Modeling Software)
data,Event Data Recorder
data,Evolution-Data Optimized
data,Experimental Data
data,Exploratory Data Analysis
data,Extended Data Services
data,Extended Display Identification Data
data,External Data Representation
data,Federal Geographic Data Committee (FGDC) Standards
data,Federated Database Systems
data,Fiber Distributed Data Interface
data,Financial Data
data,Financial Data Management
data,Financial Integrated Data System
data,Firebird Database
data,Flat File Database
data,Flight Data Analysis
data,Foglight (Database Software)
data,Fraud Detection And National Security Data System
data,Front Panel Data Port
data,GPS Data
data,General Data Protection Regulation (GDPR)
data,Generating Availability Data Systems
data,Genome Database
data,Geophysical Data
data,Geospatial Data Abstraction Library (GDAL)
data,Geospatial Databases
data,Geospatial Datasets
data,Global Data Synchronization Networks
data,Good Clinical Data Management Practice
data,Google Cloud Dataproc
data,Google Data
data,Graph Database
data,Graphical Data Display Manager
data,Guerrilla Data Analysis Techniques
data,Guidewire Data
data,HEDIS (Healthcare Effectiveness Data And Information Set)
data,HP Data Protector
data,HR Data Warehouse
data,Health Data Management
data,Health Data Specialists
data,Health Data Standards
data,Health Databases
data,Hierarchical Data Format
data,Hierarchical Database Model
data,High-Level Data Link Controls
data,High-Speed Circuit-Switched Data
data,Hyper SQL Database (HSQLDB)
data,Hyperion Data Management
data,Hyperion Financial Data Quality Management
data,IBM - IMS High Availability Large Database
data,IBM - Tivoli Change And Configuration Management Database
data,IBM Data Studio
data,IBM InfoSphere DataStage
data,IBM Intelligent Printer Data Stream (Computer Printing)
data,IBM Master Data Management
data,IBM WebSphere DataPower SOA Appliances
data,In-Memory Database
data,Informatica Data Validation Option
data,Informatica Master Data Management
data,Ingres Database
data,Integrated Archaeological Databases
data,Integrated Data Viewer (IDV)
data,Integrated Maintenance Data System
data,Intelligence Data Handling
data,Interactive Data Language (IDL)
data,International Material Data Systems
data,Java Data Mining
data,Java Data Objects
data,Java Database Connectivity
data,Joint Consultation Command And Control Information Exchange Data Model (JC3IEDM)
data,Joint Technical Data Integration
data,LDAP Data Interchange Format
data,Laboratory Data Management Systems
data,Land Data Assimilation Systems
data,Legal Databases
data,Legal Electronic Data Exchange Standard
data,Linked Data
data,Local Data Move Tool
data,Logical Data Models
data,Logical Databases
data,Machine-Generated Data
data,Man Computer Interactive Data Access System (McIDAS)
data,Management Data Input/Output
data,Mantis Databases
data,Manual Data Entry
data,Manufacturing Engineering Data Module
data,MapR (Big Data)
data,Market Data
data,Market Data Definition Language
data,Master Data Management
data,Material Safety Data Sheet
data,Materials Databases
data,Merging Data
data,Meter Data Management
data,Microsoft Basic Data Partition
data,Microsoft Data Access Components
data,Microsoft SQL Server Data Engine (MSDE)
data,Minimum Data Set
data,Missing Data
data,Mobile Data
data,Msdb Database
data,Multidimensional Database
data,Multidimensional Database Management Systems
data,Multifunction Advanced Data Link
data,Multiple Instruction Single Data (MISD)
data,NMR Spectra Database
data,National Student Loan Data Systems
data,Naval Tactical Data Systems
data,Navigational Database
data,NetApp Data Storage
data,Network Data Management Protocol
data,New Database Manager (NDBM)
data,Non-Relational Data Stores
data,Novell Data Synchronizer
data,Numeric Data Entry
data,Object Databases
data,Object Linking And Embedding - Database (OLE DB)
data,Object-Oriented Data Model For Database Modeling
data,Object-Oriented Database
data,Object-Relational Database
data,Offsite Data Protection
data,Online Databases
data,Online Music Databases
data,Open Data Protocol
data,Open Database Connectivity
data,Operational Data Store
data,Operational Databases
data,Optical Data Storage
data,Oracle Autonomous Database
data,Oracle Big Data
data,Oracle Data Access Components
data,Oracle Data Guard
data,Oracle Data Service Integrator
data,Oracle Database Administration (DBA)
data,Oracle Database Appliance
data,Oracle Database Vault
data,Oracle Databases
data,Oracle Enterprise Data Quality
data,PHP Data Objects (PDO)
data,Packet Data Convergence Protocol
data,Panel Data
data,Partitioned Data Set Extended
data,Patient Data Management Systems
data,Payment Card Industry (PCI) Data Security Standards
data,Pentaho Data Integration
data,Periscope Data (BI Software)
data,Persistent Data Structure
data,Physician Data Query
data,Portable Data Terminal
data,Product Data Hub
data,Product Data Management
data,Program Database
data,Programmed Data Processor
data,Protein Database
data,Provider Data Management
data,Pure Data
data,Qlik Sense (Data Analytics Software)
data,QlikView (Data Analytics Software)
data,Qualitative Data Analysis
data,Qualitative Data Analysis Software
data,Quantitative Data Analysis
data,RCSB Protein Data Bank
data,RDF Query Language (RDF Data Access)
data,Raima Database Management
data,Raw Data
data,Real Time Data
data,Real World Data
data,Reference Data
data,Relational Data Mining
data,Relational Database Design
data,Relational Database Management Systems
data,Relational Databases
data,Relative Record Data Set
data,Reltio (Master Data Management Software)
data,Remote Data Capture
data,Remote Data Entry
data,Remote Data Objects
data,Remote Data Services
data,Remote Database Access
data,Resilient Distributed Datasets (RDD) Programming
data,SAP NetWeaver Data Management
data,SAS Scalable Performance Data Servers
data,SQL Server Master Data Services
data,Saccharomyces Genome Databases
data,Sales Database
data,Sampled Data Systems
data,Scientific Data Archiving
data,Secure Data Recovery
data,Seismic Data
data,Semi-Structured Data
data,Service Data Objects
data,Shard (Database Architecture)
data,Simple Data Format
data,Simple Object Database Access
data,Single Nucleotide Polymorphism Database (DbSNP)
data,Snowflake (Data Warehouse)
data,Social Data Analytics
data,Software-Defined Data Center
data,Source Data
data,Spark Dataframes
data,Spatial Data Infrastructures
data,Spatial Data Transfer Standards
data,Spatial Databases
data,Spotfire (Data Analytics Software)
data,Spring Data
data,Sprite (Computer Graphics Data Structures)
data,Standard Test Data Format
data,Static Data
data,Supervisory Control And Data Acquisition (SCADA)
data,Survey Data Analysis
data,Survey Data Collection
data,Synchronous Data Link Control
data,Tabular Data
data,Tactical Data Link
data,Talend Open Studio For Data Quality
data,Tamper Data
data,Technical Data Management Systems
data,Test Data
data,Test Data Generation
data,Test Data Management
data,Test Datasets
data,Text Database
data,Toad Data Modeler
data,Tracking And Data Relay Satellite Systems
data,Tracking And Data Relay Satellites
data,Training Datasets
data,Transaction Data
data,UniProt (Biological Databases)
data,United Nations/Electronic Data Interchange For Administration Commerce And Transport (UN/EDIFACT)
data,Universal Database (UDB)
data,Unstructured Data
data,Unstructured Supplementary Service Data
data,User Datagram Protocol
data,Variable Data Intelligent Postscript Printware
data,Vector Data
data,Vero Data-Driven Email Marketing Software
data,Versant Object Database
data,Very Large Databases (VLDB)
data,Virtual Data Room
data,Wcf Data Services
data,Web Distributed Data EXchange (WDDX)
data,Web SQL Databases
data,Wireless Data Service
data,XML Data Binding
data,XML Data Package
data,XML Databases
analysis,2D Gel Analysis Software
analysis,ATLAS.ti (Qualitative Data Analysis Software)
analysis,Abc Analysis
analysis,Accident Analysis
analysis,Account Analysis
analysis,Accounting Analysis
analysis,Ad Hoc Analysis
analysis,Adobe Analysis Workspace
analysis,Aggregation Analysis
analysis,Aircraft Analysis
analysis,Algorithm Analysis
analysis,Analog Signature Analysis
analysis,Analysis Integration And Modeling Of The Earth System (AIMES)
analysis,Analysis Of Covariance
analysis,Analysis Of Functional NeuroImages
analysis,Analysis Of Variance (ANOVA)
analysis,Applied Behavior Analysis
analysis,Architecture Analysis
analysis,Architecture Analysis And Design Language (AADL)
analysis,Architecture Tradeoff Analysis Methods
analysis,Arterial Blood Gas Analysis
analysis,Attribution Analysis
analysis,Audience Analysis
analysis,Audio Analysis
analysis,Automated Dynamic Analysis Of Mechanical Systems (ADAM)
analysis,Autoregressive Conditional Heteroskedasticity (Time Series Analysis)
analysis,Balance Sheet Analysis
analysis,Bioelectrical Impedance Analysis
analysis,Biophysical Analysis
analysis,Bloodstain Pattern Analysis
analysis,Body Composition Analysis
analysis,Bottleneck Analysis
analysis,Boundary-Value Analysis
analysis,Brand Analysis
analysis,Break-Even Analysis
analysis,Broker's Market Analysis
analysis,Budget Analysis
analysis,Build vs Buy Analysis
analysis,Business Analysis
analysis,Business Analysis Body Of Knowledge (BABOK)
analysis,Business Case Analysis
analysis,Business Systems Analysis
analysis,Business Workflow Analysis
analysis,Campaign Performance Analysis
analysis,Cash Flow Analysis
analysis,Chromosome Analysis
analysis,Climate Analysis
analysis,Climate Data Analysis Tool (CDAT)
analysis,Clinical Data Analysis
analysis,Cluster Analysis
analysis,Code Analysis
analysis,Colorimetric Analysis
analysis,Combustion Analysis
analysis,Comparative Analysis
analysis,Compensation Analysis
analysis,Competitive Analysis
analysis,Component Analysis
analysis,Comprehensive Capital Analysis And Review (CCAR)
analysis,Concept Analysis
analysis,Conjoint Analysis
analysis,Construction And Analysis Of Distributed Processes
analysis,Content Analysis
analysis,Context Analysis
analysis,Contract Analysis
analysis,Correlation Analysis
analysis,Correspondence Analysis
analysis,Corridor Analysis
analysis,Cost Benefit Analysis
analysis,Cost Volume Profit Analysis
analysis,Credit Analysis
analysis,Crime Analysis
analysis,Customer Analysis
analysis,Customer Payment Analysis
analysis,Customer Requirements Analysis
analysis,Data Analysis
analysis,Data Analysis And Display (DADiSP)
analysis,Data Analysis Expressions (DAX)
analysis,Data-Flow Analysis
analysis,Database Analysis
analysis,Decision Analysis
analysis,Decline Curve Analysis
analysis,Dedoose (Qualitative Data Analysis Software)
analysis,Demand Analysis
analysis,Demographic Analysis
analysis,Dependency Analysis
analysis,Design Failure Mode And Effects Analysis
analysis,Destructive Physical Analysis
analysis,Diagnostic Analysis
analysis,Dietary Analysis
analysis,Differential Analysis
analysis,Dimensional Analysis
analysis,Discourse Analysis
analysis,Dissolved Gas Analysis
analysis,Document Layout Analysis
analysis,Dynamic Mechanical Analysis
analysis,Dynamic Program Analysis
analysis,ESG Research And Analysis
analysis,Economic Analysis
analysis,Economic Policy Analysis
analysis,Education Policy Analysis
analysis,Electrical Circuit Analysis
analysis,Elemental Analysis
analysis,Empirical Analysis
analysis,Energy Analysis
analysis,Energy Analysis System
analysis,Energy Efficiency Analysis
analysis,Energy Policy Analysis
analysis,Engineering Analysis
analysis,Environmental Analysis
analysis,Environmental Data Analysis
analysis,Environmental Policy Analysis
analysis,Enzyme Analysis
analysis,Error Analysis (Numerical Analysis)
analysis,Event Tree Analysis
analysis,Evidence Analysis
analysis,Expense Analysis
analysis,Experimental Analysis Of Behavior
analysis,Exploratory Data Analysis
analysis,Factor Analysis
analysis,Failure Analysis
analysis,Failure Mode And Effects Analysis
analysis,Failure Mode Effects And Criticality Analysis (FMECA)
analysis,Failure Reporting Analysis And Corrective Action Systems
analysis,Fault Tree Analysis
analysis,Financial Analysis
analysis,Financial Analysis Software
analysis,Financial Statement Analysis
analysis,Fire Hazard Analysis
analysis,Flight Data Analysis
analysis,FloTHERM (Thermal Analysis Software)
analysis,Flux Analysis
analysis,Flux Balance Analysis
analysis,Fourier Analysis
analysis,Frame Analysis
analysis,Frequency Analysis
analysis,Fundamental Analysis
analysis,Gait Analysis
analysis,Gap Analysis
analysis,Gene Chip Analysis
analysis,Geographic Resources Analysis Support System (GRASS GIS)
analysis,Geospatial Analysis
analysis,Government Budget Analysis
analysis,Government Regulation Analysis
analysis,Gravimetric Analysis
analysis,Guerrilla Data Analysis Techniques
analysis,Hair Analysis
analysis,Harmonic Analysis
analysis,Hazard Analysis
analysis,Hazard Analysis And Critical Control Points (HACCP)
analysis,Health Policy Analysis
analysis,Heuristic Analysis
analysis,Hydraulic Analysis
analysis,Hydrologic Analysis
analysis,Image Analysis
analysis,Immunological Analysis
analysis,Independent Component Analysis
analysis,Industry Analysis
analysis,Industry Trend Analysis
analysis,Intelligence Analysis
analysis,Inventory Analysis
analysis,Investment Analysis
analysis,Job Analysis
analysis,Job Safety Analysis
analysis,Leadership Analysis
analysis,Legal Analysis
analysis,Lexical Analysis
analysis,Life-Cycle Cost Analysis
analysis,Linear Discriminant Analysis
analysis,Link Analysis
analysis,Live Blood Analysis
analysis,Load Flow Analysis
analysis,Loan Application Analysis
analysis,Log Analysis
analysis,Logistics Support Analysis
analysis,Malware Analysis
analysis,Market Analysis
analysis,Market Share Analysis
analysis,Marketing Analysis
analysis,Material Flow Analysis
analysis,Mathematical Analysis
analysis,Matrix Analysis
analysis,Matrix Methods (Structural Analysis)
analysis,Measurement Systems Analysis
analysis,Medicaid Fraud Analysis
analysis,Medical Image Analysis
analysis,Medical Image Processing Analysis And Visualization (MIPAV)
analysis,Medical Records Analysis
analysis,Melting Curve Analysis
analysis,Metabolic Flux Analysis
analysis,Microarray Analysis
analysis,Microsoft Analysis Services
analysis,Mission Planning And Analysis Common Services
analysis,Modal Analysis
analysis,Modeling And Analysis Of Real Time And Embedded Systems
analysis,Moisture Analysis
analysis,Mold Flow Analysis
analysis,Motion Analysis
analysis,Multiple-Criteria Decision Analysis
analysis,Multivariate Analysis
analysis,Multivariate Analysis Of Covariance (MANCOVA)
analysis,Multivariate Analysis Of Variance
analysis,NLTK (NLP Analysis)
analysis,NSAT - Network Security Analysis Tool
analysis,Network Analysis
analysis,Network Analysis Module
analysis,Network Protocol Analysis
analysis,Network Traffic Analysis
analysis,Neutron Activation Analysis
analysis,News Analysis
analysis,Nodal Analysis
analysis,Non-Classical Analysis
analysis,Nucleic Acid Analysis
analysis,Numerical Analysis
analysis,Nutritional Analysis
analysis,OLIGO Primer Analysis Software
analysis,Object-Oriented Analysis And Design
analysis,Oil Analysis
analysis,Operational Support And Analysis
analysis,Opportunity Analysis
analysis,OptiStruct (Structural Analysis Software)
analysis,Ordinary Least Squares (Regression Analysis)
analysis,Organizational Analysis
analysis,Overhead Cost Analysis
analysis,PEST Analysis
analysis,PLINK (Genetic Analysis Software)
analysis,PTV Vissim (Traffic Analysis Software)
analysis,PTV Vistro (Traffic Analysis Software)
analysis,PTV Visum (Traffic Analysis Software)
analysis,PVT Analysis
analysis,Pareto Analysis
analysis,Particle Size Analysis
analysis,Path Analysis
analysis,Pedigree Analysis
analysis,Performance Analysis
analysis,Performance Systems Analysis
analysis,Petrophysical Analysis
analysis,Policy Analysis
analysis,Portfolio Analysis
analysis,Post-Hoc Analysis
analysis,Potential Analysis
analysis,Price Analysis
analysis,Principal Component Analysis
analysis,Process Analysis
analysis,Process Failure Mode And Effects Analysis (PFMEA)
analysis,Process Hazard Analysis
analysis,Production Flow Analysis
analysis,Profitability Analysis
analysis,Program Analysis
analysis,Protocol Analysis
analysis,Public Health Policy Analysis
analysis,Qualitative Analysis
analysis,Qualitative Data Analysis
analysis,Qualitative Data Analysis Software
analysis,Qualitative Inorganic Analysis
analysis,Quality Process Analysis
analysis,Quantitative Analysis
analysis,Quantitative Data Analysis
analysis,Ratios Analysis
analysis,Recurrence Quantification Analysis
analysis,Regression Analysis
analysis,Reliability Analysis
analysis,Reliability Availability And Maintainability (RAM) Analysis
analysis,Requirements Analysis
analysis,Revenue Analysis
analysis,Risk Analysis
analysis,Root Cause Analysis
analysis,SAS Statistical Analysis
analysis,SQL Server Analysis Services
analysis,SWOT Analysis
analysis,Sales Analysis
analysis,Sales Trend Analysis
analysis,Sample Analysis
analysis,Satellite Analysis Branch
analysis,Scenario Analysis
analysis,Schedule Risk Analysis
analysis,Search Analysis
analysis,Security Analysis
analysis,Security Requirements Analysis
analysis,Segmentation Analysis
analysis,Seismic Analysis
analysis,Semantic Analysis
analysis,Semen Analysis
analysis,Sensitivity Analysis
analysis,Sensory Analysis
analysis,Sentiment Analysis
analysis,Sequence Analysis
analysis,Sieve Analysis
analysis,Simultaneous Thermal Analysis
analysis,Single-Cell Analysis
analysis,Site Analysis
analysis,Situation Analysis
analysis,Sneak Circuit Analysis
analysis,Social Network Analysis
analysis,Software Analysis
analysis,Software Business Analysis
analysis,Software Requirements Analysis
analysis,Spatial Analysis
analysis,Special Core Analysis
analysis,Specimen Analysis
analysis,Spectral Analysis
analysis,Spectrochemical Analysis
analysis,Spend Analysis
analysis,Spot Analysis
analysis,Stakeholder Analysis
analysis,Static Program Analysis
analysis,Static Timing Analysis
analysis,Statistical Analysis
analysis,Statistical Coupling Analysis
analysis,Statistical Static Timing Analysis (SSTA)
analysis,Strategic Analysis
analysis,Stress Analysis
analysis,Stress Strain Analysis
analysis,Structural Analysis
analysis,Structured Analysis
analysis,Structured Analysis And Design
analysis,Structured Analysis And Design Technique
analysis,Structured Systems Analysis And Design Methods
analysis,Suitability Analysis
analysis,Supply Chain Analysis
analysis,Survey Data Analysis
analysis,Survival Analysis
analysis,System For Electronic Document Analysis And Retrieval
analysis,System Security Analysis
analysis,Systems Analysis
analysis,Task Analysis
analysis,Tax Analysis
analysis,Tax Return Analysis
analysis,Technical Analysis
analysis,Technical Analysis Software
analysis,Techno Economic Analysis
analysis,Thermal Analysis
analysis,Thermogravimetric Analysis
analysis,Thermomechanical Analysis
analysis,Time Series Analysis And Forecasting
analysis,Tolerance Analysis
analysis,Traffic Analysis
analysis,Training Analysis
analysis,Transactional Analysis
analysis,Transferable Skills Analysis
analysis,Transportation Analysis
analysis,Travel Cost Analysis
analysis,Trend Analysis
analysis,Uncertainty Analysis
analysis,Use Case Analysis
analysis,User Analysis
analysis,Value Stream Analysis
analysis,Variable Rules Analysis
analysis,Variance Analysis
analysis,Viewshed Analysis
analysis,Voice Stress Analysis
analysis,Warranty Analysis
analysis,Water Chemistry Analysis
analysis,Web Site Analysis
analysis,White Space Analysis
analysis,Win-Loss Analysis
analysis,XML For Analysis
machine learning,Adversarial Machine Learning
machine learning,Automated Machine Learning
machine learning,Azure Machine Learning
machine learning,CatBoost (Machine Learning Library)
machine learning,MLOps (Machine Learning Operations)
machine learning,Machine Learning
machine learning,Machine Learning Algorithms
machine learning,Machine Learning Methods
machine learning,Machine Learning Model Monitoring And Evaluation
machine learning,Machine Learning Model Training
machine learning,PyTorch (Machine Learning Library)
machine learning,Scikit-learn (Machine Learning Library)
machine learning,Torch (Machine Learning)
machine learning,Transformer (Machine Learning Model)
ML,AI/ML Inference
ML,Google Cloud ML Engine
ML,ML.NET
ML,ML/I
ML,MLCAD
ML,MLOps (Machine Learning Operations)
ML,MLflow
ML,MLwiN
ML,Mload
ML,Modern Language Association (MLA) Style
ML,mlpack (C++ Library)
statistic,Applied Statistics
statistic,Bayesian Statistics
statistic,Business Statistics
statistic,Computational Statistics
statistic,Defense Independent Pitching Statistics
statistic,Descriptive Statistics
statistic,Diagnostic And Statistical Manual Of Mental Disorders
statistic,Economic Statistics
statistic,Educational Statistics
statistic,JMP (Statistical Software)
statistic,Map Overlay And Statistical Systems
statistic,Mathematical Statistics
statistic,Medical Statistics
statistic,Minimal Clinically Important Difference (Medical Statistics)
statistic,Multivariate Statistics
statistic,NCSS (Statistical Software)
statistic,National Vital Statistics System
statistic,Nonparametric Statistics
statistic,Parametric Statistics
statistic,Pharmaceutical Statistics
statistic,Probability And Statistics
statistic,Robust Statistics
statistic,S-PLUS Statistical Software
statistic,SAS Statistical Analysis
statistic,SPSS (Statistical Software)
statistic,STATISTICA
statistic,Sampling (Statistics)
statistic,Social Statistics
statistic,Statistical Analysis
statistic,Statistical Arbitrage
statistic,Statistical Classification
statistic,Statistical Coupling Analysis
statistic,Statistical Graphics
statistic,Statistical Hypothesis Testing
statistic,Statistical Indicators
statistic,Statistical Inference
statistic,Statistical Language Acquisition
statistic,Statistical Learning Theory
statistic,Statistical Methods
statistic,Statistical Modeling
statistic,Statistical Packages
statistic,Statistical Parametric Mapping
statistic,Statistical Physics
statistic,Statistical Process Controls
statistic,Statistical Programming
statistic,Statistical Reporting
statistic,Statistical Signal Processing
statistic,Statistical Software
statistic,Statistical Static Timing Analysis (SSTA)
statistic,Statistical Survey
statistic,Statistical Theory
statistic,Statistical Thinking
statistic,Statistical Time Division Multiplexing
statistic,Statistics
statistic,Tax Statistics
statistic,Test Statistics
statistic,Vital Statistics
